{"errors":[],"warnings":[],"namedChunkGroups":{"app":{"chunks":[8,7,2],"assets":["webpack-runtime-a2ff2fb6cf6f2293285d.js","webpack-runtime-a2ff2fb6cf6f2293285d.js.map","framework-d54fcf3f0204b459cf2d.js","framework-d54fcf3f0204b459cf2d.js.map","app-71fd2c7d952ff73215d6.js","app-71fd2c7d952ff73215d6.js.map"],"children":{},"childAssets":{}},"component---src-pages-404-js":{"chunks":[1,0,3],"assets":["styles.e3fb86d4228d677ac0ed.css","styles-823ae8103e36ae8a7f9f.js","styles-823ae8103e36ae8a7f9f.js.map","commons-e29f51027834e0e1383d.js","commons-e29f51027834e0e1383d.js.map","component---src-pages-404-js-f98899d104c43a897720.js","component---src-pages-404-js-f98899d104c43a897720.js.map"],"children":{},"childAssets":{}},"component---src-pages-blogs-js":{"chunks":[1,0,4],"assets":["styles.e3fb86d4228d677ac0ed.css","styles-823ae8103e36ae8a7f9f.js","styles-823ae8103e36ae8a7f9f.js.map","commons-e29f51027834e0e1383d.js","commons-e29f51027834e0e1383d.js.map","component---src-pages-blogs-js-17a2e5f98dad98908be6.js","component---src-pages-blogs-js-17a2e5f98dad98908be6.js.map"],"children":{},"childAssets":{}},"component---src-pages-contact-js":{"chunks":[1,0,5],"assets":["styles.e3fb86d4228d677ac0ed.css","styles-823ae8103e36ae8a7f9f.js","styles-823ae8103e36ae8a7f9f.js.map","commons-e29f51027834e0e1383d.js","commons-e29f51027834e0e1383d.js.map","component---src-pages-contact-js-42b4d23cef024da8bbb9.js","component---src-pages-contact-js-42b4d23cef024da8bbb9.js.map"],"children":{},"childAssets":{}},"component---src-pages-index-js":{"chunks":[1,0,6],"assets":["styles.e3fb86d4228d677ac0ed.css","styles-823ae8103e36ae8a7f9f.js","styles-823ae8103e36ae8a7f9f.js.map","commons-e29f51027834e0e1383d.js","commons-e29f51027834e0e1383d.js.map","component---src-pages-index-js-a02ede525e0ed0c400ed.js","component---src-pages-index-js-a02ede525e0ed0c400ed.js.map"],"children":{},"childAssets":{}}},"assetsByChunkName":{"app":["webpack-runtime-a2ff2fb6cf6f2293285d.js","framework-d54fcf3f0204b459cf2d.js","app-71fd2c7d952ff73215d6.js"],"component---src-pages-404-js":["styles.e3fb86d4228d677ac0ed.css","styles-823ae8103e36ae8a7f9f.js","commons-e29f51027834e0e1383d.js","component---src-pages-404-js-f98899d104c43a897720.js"],"component---src-pages-blogs-js":["styles.e3fb86d4228d677ac0ed.css","styles-823ae8103e36ae8a7f9f.js","commons-e29f51027834e0e1383d.js","component---src-pages-blogs-js-17a2e5f98dad98908be6.js"],"component---src-pages-contact-js":["styles.e3fb86d4228d677ac0ed.css","styles-823ae8103e36ae8a7f9f.js","commons-e29f51027834e0e1383d.js","component---src-pages-contact-js-42b4d23cef024da8bbb9.js"],"component---src-pages-index-js":["styles.e3fb86d4228d677ac0ed.css","styles-823ae8103e36ae8a7f9f.js","commons-e29f51027834e0e1383d.js","component---src-pages-index-js-a02ede525e0ed0c400ed.js"]}}